User_id,Place_id,UserPlace_rating
156,296,3
70,27,3
99,61,3
102,153,3
160,11,3
66,36,4
37,140,4
39,10,4
42,305,3
68,252,3
104,272,3
37,8,4
27,150,3
159,276,3
51,238,3
27,273,5
23,51,4
69,193,3
174,170,5
64,106,4
181,145,3
45,106,4
187,183,5
81,205,3
27,149,3
86,195,3
96,16,3
150,107,4
105,262,2
53,150,3
66,217,4
88,153,2
200,252,3
69,281,4
199,268,4
85,100,3
104,91,3
159,215,4
120,192,1
22,106,4
65,166,3
158,56,4
144,254,2
154,114,3
42,137,3
21,298,2
54,67,3
145,73,4
19,153,3
26,186,3
182,231,3
156,109,4
189,51,5
163,183,3
14,104,4
127,71,3
62,107,3
142,67,3
166,254,2
152,165,3
116,25,3
193,132,3
102,215,4
172,29,4
164,70,3
25,173,3
69,52,4
177,89,3
25,74,3
137,208,4
94,12,3
21,91,3
188,83,3
128,29,3
26,15,3
48,141,4
19,33,1
145,4,4
140,106,4
75,215,4
186,209,3
78,15,3
102,33,3
200,68,3
162,245,3
137,120,3
170,252,3
134,1,3
72,215,4
27,91,3
76,40,3
15,129,3
35,279,3
154,151,3
151,72,3
97,179,3
129,273,3
15,203,4
121,215,4
106,51,5
59,295,1
170,170,1
195,103,4
28,188,3
139,218,4
145,168,3
196,257,3
130,56,4
101,219,3
197,15,3
46,84,3
159,167,3
21,166,5
182,68,3
85,162,1
63,102,3
76,107,4
39,56,4
106,309,1
180,157,3
112,163,3
168,279,3
46,252,3
65,279,3
83,65,3
79,104,4
71,164,3
40,103,4
102,12,2
118,164,3
66,5,4
142,299,3
99,231,3
19,192,3
75,110,4
36,21,3
151,254,1
115,279,3
79,4,4
116,301,3
18,4,4
155,188,3
51,52,3
179,106,4
89,63,3
197,192,3
45,51,4
119,157,1
109,155,3
2,72,3
23,165,1
36,212,1
74,83,3
168,103,4
146,215,4
117,250,3
169,67,3
8,56,4
89,103,4
3,245,1
173,170,3
142,51,4
145,159,4
69,81,3
55,144,3
148,9,3
100,89,3
131,61,3
28,219,1
51,255,3
63,18,3
164,33,3
167,277,3
104,92,3
197,305,3
103,188,5
188,63,3
56,52,2
77,256,4
56,103,4
30,106,4
47,1,3
23,153,3
163,109,4
121,67,3
48,124,4
177,63,3
17,90,4
141,241,3
176,110,4
159,14,3
133,60,3
52,39,3
174,309,1
89,142,3
6,102,3
123,173,3
117,215,4
50,103,4
142,298,1
38,52,3
171,266,3
154,227,3
101,104,4
36,177,3
26,132,3
200,29,3
96,69,4
149,186,3
17,283,4
170,87,3
128,181,3
52,106,4
59,222,3
2,61,3
193,268,3
108,308,1
126,51,4
156,215,4
110,23,3
133,127,3
17,308,2
94,31,3
75,106,5
113,272,3
110,123,4
133,215,4
39,106,4
8,107,3
7,215,4
24,252,3
149,1,3
134,51,4
197,309,3
33,29,1
84,279,1
132,205,3
2,254,3
132,101,3
33,132,3
98,278,4
200,137,3
13,56,4
97,73,2
97,199,3
128,52,3
47,91,3
57,68,3
188,161,3
110,51,5
169,239,3
86,215,4
188,107,4
9,156,3
63,107,3
54,28,3
181,19,3
125,116,3
6,56,4
3,52,3
166,103,4
69,28,4
161,107,4
145,58,3
112,37,3
27,52,3
170,232,2
190,147,3
138,175,1
65,33,3
15,106,4
36,175,3
91,66,3
43,171,4
120,37,3
98,171,4
55,107,3
76,61,3
180,169,1
98,129,4
112,192,3
182,236,3
130,231,3
125,109,4
181,14,3
175,197,3
118,102,3
9,115,3
88,215,4
117,85,3
96,215,4
137,56,4
53,68,2
190,163,2
45,70,3
169,231,3
167,52,3
82,67,3
96,260,3
119,176,3
35,104,4
109,51,4
184,52,4
109,116,3
51,27,1
56,11,3
122,308,3
54,206,2
102,107,3
163,106,4
192,184,3
31,63,3
123,61,4
153,87,3
63,148,3
153,268,1
112,106,4
61,79,3
71,31,3
131,231,2
127,91,3
145,77,1
131,144,3
191,158,5
97,242,3
142,271,3
88,18,3
69,108,2
11,104,4
37,106,5
178,100,3
126,106,4
186,168,3
153,239,1
45,226,3
69,103,4
128,237,1
148,150,3
113,56,5
75,56,4
183,132,3
191,217,4
29,67,3
101,298,3
73,91,3
175,250,3
6,31,3
39,105,2
31,308,3
71,161,3
52,209,3
77,130,4
154,124,4
200,308,1
140,103,4
185,236,3
95,216,4
154,43,4
151,271,3
94,226,3
146,74,3
123,37,3
24,37,1
22,107,4
56,173,1
72,7,5
61,215,4
190,272,3
65,56,4
25,52,3
34,104,4
111,215,4
66,174,3
107,106,4
199,91,3
141,237,3
144,161,3
83,51,4
114,103,4
170,188,2
89,165,3
139,215,4
71,185,2
13,120,4
72,6,3
148,162,3
55,106,4
3,149,3
67,107,3
84,255,3
2,215,4
92,215,4
48,104,4
82,149,1
179,131,3
32,276,3
28,150,3
37,249,3
185,262,3
200,104,4
3,178,2
99,63,3
33,273,3
54,110,4
168,110,4
18,242,4
2,238,3
116,168,3
126,91,3
196,306,3
39,185,1
128,18,3
83,161,3
66,302,3
95,297,3
144,1,4
48,52,5
133,56,4
41,211,4
147,107,4
179,44,3
157,173,1
28,175,3
119,272,1
197,110,4
159,299,5
7,17,3
121,255,3
49,241,3
125,289,3
163,104,4
94,102,3
119,309,3
56,148,3
177,163,3
121,63,3
129,12,2
120,239,3
142,84,2
4,262,3
42,83,2
52,206,3
118,110,4
86,30,3
6,70,4
94,106,4
53,56,4
171,26,1
81,294,3
86,262,3
153,89,3
190,237,2
139,69,1
48,151,4
155,61,3
130,184,3
61,106,4
146,305,3
45,238,3
155,215,4
157,238,3
149,37,3
46,96,3
37,295,3
8,305,2
117,211,3
36,215,4
58,44,3
169,167,2
124,137,3
115,52,2
36,114,3
70,215,4
10,103,4
89,56,4
125,275,4
121,144,3
154,173,3
115,148,1
171,107,4
125,250,3
129,110,4
176,102,1
158,106,4
13,250,3
19,277,4
39,306,3
178,183,4
88,268,1
55,74,3
10,56,4
72,38,3
181,68,3
177,176,2
174,21,3
87,56,4
69,221,3
136,268,3
86,106,4
183,79,3
66,130,3
149,40,3
86,35,3
112,40,3
159,98,1
169,184,3
188,165,3
57,215,4
167,89,3
194,75,3
167,66,1
80,195,3
175,152,3
140,157,3
101,56,4
16,90,4
1,79,3
100,107,4
28,184,3
132,123,5
82,33,3
22,52,3
171,174,3
152,180,2
128,164,1
135,56,4
158,19,2
128,238,3
195,52,4
137,69,3
183,137,1
4,164,3
104,276,2
142,110,4
101,61,3
26,106,4
166,148,3
6,74,5
17,159,1
137,156,3
40,232,3
95,103,4
19,272,3
193,215,4
115,219,3
17,55,5
22,181,3
79,301,3
158,177,3
184,219,3
162,277,3
44,186,1
170,268,3
164,83,2
56,63,3
47,92,3
63,184,3
170,150,3
70,162,3
98,73,3
195,232,3
179,110,4
194,56,4
81,72,1
181,52,4
82,84,3
152,1,3
20,56,4
10,116,3
137,127,3
197,254,1
37,206,2
152,150,3
191,119,4
100,33,3
161,104,4
18,172,3
171,289,3
190,51,4
163,56,4
137,109,4
158,166,3
33,245,4
42,178,3
34,103,4
98,45,4
55,215,4
66,270,3
85,104,4
139,73,3
139,139,3
157,106,4
199,157,3
157,215,4
10,203,4
23,11,2
199,83,3
1,89,3
82,184,2
58,215,4
66,247,3
57,248,3
42,277,3
61,110,4
164,175,3
181,74,3
192,144,3
170,308,3
3,13,3
174,215,4
82,181,3
56,137,3
101,19,3
13,7,3
11,11,2
158,142,3
143,254,3
125,183,3
43,107,4
123,121,1
86,243,3
79,56,5
135,238,3
5,68,3
112,51,4
86,72,2
74,56,4
42,72,3
51,262,3
96,123,4
187,52,3
15,120,5
178,215,5
155,9,3
138,19,3
143,52,3
126,215,4
37,34,4
151,305,3
65,271,2
192,29,1
117,251,3
165,119,4
28,215,4
125,177,5
139,105,4
139,159,1
124,51,4
104,18,1
161,245,2
40,306,1
118,277,3
134,147,3
21,1,4
3,162,5
3,305,3
67,12,2
48,286,4
118,19,2
118,276,3
87,238,3
158,52,3
40,146,3
152,33,3
85,52,3
132,104,4
24,110,4
111,107,3
148,104,4
188,162,3
42,236,1
170,18,3
96,103,4
184,299,3
75,66,5
81,77,4
158,298,3
59,41,5
2,27,2
132,103,4
87,61,4
60,271,3
74,66,3
53,237,3
61,37,1
97,208,3
173,247,3
187,246,1
26,63,3
96,198,4
97,200,3
142,276,1
25,226,3
83,107,3
17,119,3
34,247,3
140,239,3
131,106,4
114,252,3
58,246,1
24,91,3
142,172,3
38,305,3
17,110,4
134,132,3
61,142,3
185,121,2
4,307,3
126,1,3
35,31,3
136,52,3
67,96,1
58,110,4
43,144,2
159,184,4
172,12,1
65,107,3
22,30,1
69,56,4
48,266,3
184,72,3
102,146,3
127,279,5
53,137,3
113,52,3
6,272,3
107,165,3
187,10,2
145,224,3
83,52,2
149,122,3
196,229,3
28,268,3
58,221,3
135,30,2
155,262,3
177,68,3
121,167,3
84,163,3
126,132,2
104,226,3
139,104,4
54,228,3
129,245,3
97,129,4
124,165,1
51,231,3
125,180,3
181,66,3
86,166,3
118,70,3
132,253,4
130,11,2
91,110,4
157,192,3
119,245,3
35,103,4
190,215,4
189,264,1
127,100,4
75,107,5
192,276,5
85,9,2
165,286,4
59,110,4
198,132,1
3,122,1
20,176,3
38,268,3
14,215,5
81,278,3
55,163,3
28,56,4
1,305,3
185,137,3
200,31,3
120,9,2
70,70,3
14,89,3
176,100,3
197,66,3
59,158,3
194,170,3
77,265,4
59,179,1
49,161,3
18,48,4
85,163,3
66,52,4
29,107,4
75,146,5
116,20,4
194,127,4
72,17,3
20,252,3
167,271,1
178,15,3
48,110,4
92,217,4
100,215,4
94,11,1
121,239,3
135,176,3
194,6,5
102,52,3
77,249,4
16,103,4
175,225,4
120,254,3
96,73,4
55,149,2
123,33,3
99,207,3
156,300,3
189,104,4
174,291,3
67,186,3
80,163,3
109,42,3
27,188,3
130,207,3
61,219,3
141,92,3
23,272,1
63,70,1
100,106,4
165,60,4
158,153,2
66,190,3
155,219,3
142,147,3
190,14,3
65,92,3
45,186,2
113,243,3
82,232,3
91,71,3
66,209,4
102,308,3
83,164,3
187,227,3
26,184,3
78,173,3
11,144,3
176,161,3
106,172,3
197,102,3
105,103,4
170,33,3
197,177,3
175,151,4
54,291,3
106,304,3
150,33,3
191,206,1
22,179,2
17,75,3
92,104,4
41,2,4
108,181,3
141,103,4
37,289,3
19,305,3
93,282,5
134,104,4
3,106,4
35,52,3
181,96,3
37,95,4
10,111,3
119,167,3
113,84,1
41,215,4
183,178,3
155,99,3
182,66,3
163,124,4
140,215,4
146,33,3
64,51,4
5,147,1
65,103,4
181,121,1
199,56,4
38,173,1
148,91,3
94,175,3
28,132,3
115,74,3
135,207,3
84,214,2
53,232,3
153,51,4
59,193,3
193,161,3
6,145,3
128,248,3
171,78,3
131,248,3
22,161,1
162,102,3
7,206,1
67,63,3
100,56,4
82,110,4
96,64,3
67,177,3
184,308,3
149,215,4
75,304,1
109,291,5
38,104,4
169,142,3
101,142,3
106,245,3
179,118,4
138,103,4
186,215,4
141,207,1
37,90,4
65,145,3
121,107,3
177,51,4
174,56,4
10,51,4
5,215,4
20,107,4
104,110,4
107,92,5
56,231,3
145,103,5
44,13,3
72,220,3
64,110,4
64,124,1
186,107,4
50,11,2
132,309,3
64,95,3
38,162,3
122,92,3
179,86,3
6,277,3
168,164,3
126,12,3
132,183,1
195,106,4
2,309,3
118,52,3
6,243,3
162,215,4
189,278,1
84,29,1
123,52,4
80,56,5
38,11,3
172,63,3
27,165,3
42,52,2
135,166,1
65,142,3
106,91,3
193,37,1
190,231,3
111,66,3
141,181,2
86,241,3
34,287,4
60,107,4
198,150,2
187,90,4
105,100,3
169,70,3
158,61,3
196,110,4
128,272,3
187,51,4
191,56,4
101,236,3
189,275,4
29,52,4
90,37,3
3,157,3
38,14,1
134,67,3
59,215,5
92,66,4
63,276,1
73,188,1
4,110,4
191,103,4
63,37,1
66,118,5
108,106,4
73,51,5
199,33,3
121,169,2
184,215,5
197,184,3
80,51,4
196,106,4
115,103,4
65,147,2
38,299,2
10,193,3
66,39,3
120,12,3
63,167,3
158,148,3
47,51,4
166,106,4
146,268,3
69,180,3
2,186,3
198,299,3
141,150,3
147,99,4
159,52,4
99,237,3
10,54,4
33,102,3
146,1,3
166,215,4
192,262,4
31,71,3
158,176,3
200,110,4
85,71,3
162,279,3
199,248,3
37,160,1
156,225,3
122,106,4
187,50,4
81,125,4
73,248,4
2,144,3
109,52,3
117,106,4
70,51,4
176,104,4
197,91,3
153,106,4
27,74,5
39,212,3
24,52,3
148,68,3
123,56,4
98,104,4
92,180,1
68,175,2
59,36,4
122,52,3
158,161,3
1,52,2
151,56,4
97,136,3
159,104,4
182,107,3
118,11,3
170,277,3
128,122,3
77,280,4
85,167,3
85,106,4
28,153,3
76,214,3
31,279,3
191,81,4
51,106,4
60,162,3
76,56,4
157,96,3
27,15,1
41,250,3
168,252,3
117,274,1
72,49,3
178,99,3
104,89,2
45,31,3
87,239,3
118,255,1
117,189,4
137,282,1
183,68,3
22,33,1
100,1,4
151,255,3
22,110,4
102,214,3
93,185,3
199,162,1
195,241,3
7,51,5
25,91,3
51,107,4
16,127,3
30,268,4
114,66,3
123,30,3
173,41,4
190,121,1
28,161,1
110,106,4
116,128,4
177,74,3
142,167,3
161,31,3
140,299,3
26,27,3
47,157,3
159,268,1
46,103,4
134,106,4
198,52,3
77,288,3
111,104,4
25,238,3
127,61,4
71,157,3
15,56,4
186,51,4
43,122,3
45,219,3
40,72,3
137,202,3
119,51,4
78,153,3
114,67,3
124,56,4
23,137,3
87,30,1
152,232,3
177,166,3
13,109,4
93,60,4
113,89,3
37,81,2
54,199,3
147,103,4
60,177,3
78,87,3
123,106,4
183,51,4
162,188,3
17,304,3
168,161,3
58,38,1
6,144,5
165,107,4
144,12,3
3,171,4
70,103,4
112,9,3
191,264,3
66,105,4
87,232,3
6,63,3
177,19,3
49,215,4
80,37,3
120,161,3
46,83,3
141,298,3
9,111,4
101,157,3
152,254,2
33,110,4
82,121,3
96,105,2
43,56,4
24,172,3
69,16,3
66,131,3
76,71,3
32,107,3
84,215,4
88,142,3
59,39,3
105,51,4
82,254,3
85,72,1
44,237,3
82,68,3
33,252,3
101,148,3
154,183,1
193,308,1
114,83,3
178,273,1
40,37,3
80,215,4
72,291,1
89,241,3
127,215,4
158,167,3
21,103,5
74,184,3
154,110,4
1,195,3
104,239,3
189,206,3
40,107,2
98,21,4
132,8,4
83,67,1
78,245,3
111,175,3
72,225,3
191,42,3
53,215,4
128,30,2
39,290,4
19,271,4
121,56,4
84,241,3
139,106,5
71,100,3
63,188,3
69,10,3
146,106,4
29,309,3
191,242,1
55,52,3
197,52,3
170,51,4
108,71,1
73,215,4
54,296,3
109,86,3
144,52,3
23,15,3
123,252,3
164,18,1
133,69,3
144,215,4
149,107,3
169,51,5
88,27,3
83,15,3
9,288,3
146,27,3
143,107,3
44,104,4
58,286,3
89,11,3
126,163,3
49,305,3
197,175,3
83,184,2
16,107,4
99,79,3
14,66,3
187,212,3
20,243,3
71,106,5
37,215,4
119,121,5
145,106,4
168,245,3
84,188,3
145,282,3
171,111,1
111,157,3
109,138,3
63,103,4
61,245,2
136,106,4
69,230,3
132,216,4
146,186,3
174,217,3
158,107,4
164,98,3
121,176,3
150,299,3
152,79,3
58,104,4
162,107,4
59,281,3
193,236,3
170,52,4
107,173,3
90,15,1
170,237,3
47,110,4
169,279,5
28,304,3
28,252,3
190,279,3
152,171,4
76,232,3
10,80,4
172,106,4
198,27,3
52,284,4
78,68,3
137,270,4
91,174,3
25,175,3
119,184,3
136,150,3
185,215,4
10,215,4
49,87,3
128,91,3
54,103,4
18,52,4
194,47,4
105,298,3
176,89,3
46,231,3
162,232,3
113,106,4
18,103,4
62,13,3
141,167,3
190,122,3
32,110,4
57,239,3
37,107,5
58,39,3
78,14,3
101,231,3
134,121,3
36,39,3
159,171,4
125,233,3
12,107,4
61,237,3
39,168,5
170,181,3
42,110,4
5,103,4
38,276,3
82,56,4
78,91,3
129,153,3
59,256,3
91,72,3
30,153,4
59,16,1
11,110,4
124,63,3
163,229,3
57,9,3
28,305,3
126,153,3
147,9,4
93,26,3
90,110,4
66,215,4
173,56,4
106,149,3
107,215,4
191,307,3
185,91,1
181,176,2
69,53,3
3,252,3
54,50,4
33,184,2
57,188,3
105,188,3
82,18,3
48,215,4
40,215,4
128,188,3
164,248,3
170,142,1
102,104,4
65,121,3
14,298,3
111,279,3
148,142,3
197,236,3
193,107,3
169,1,3
59,103,4
33,215,4
71,171,4
11,84,3
196,301,3
191,106,4
26,72,3
68,30,3
188,13,3
92,53,4
49,107,1
92,193,4
124,106,4
85,272,3
54,58,3
190,176,3
16,128,1
28,309,1
167,107,4
46,9,3
164,149,3
2,51,4
107,70,4
131,79,1
120,147,2
123,207,4
78,12,3
93,278,3
106,226,3
139,194,1
146,56,4
156,205,5
38,84,1
190,173,3
120,52,3
165,104,4
190,232,3
97,57,4
199,252,3
177,153,1
162,254,3
37,139,3
55,147,3
19,137,3
142,243,3
64,103,4
8,219,3
93,107,4
111,219,3
115,241,3
75,33,3
43,305,3
91,215,4
93,106,4
28,308,3
53,104,4
15,66,3
110,110,4
118,100,4
17,8,4
97,106,4
92,174,3
2,150,3
99,238,1
186,199,4
6,92,3
19,106,4
126,104,4
182,165,1
198,215,4
119,1,3
28,148,3
111,214,3
104,308,3
160,51,5
68,277,3
155,70,3
19,162,5
111,27,3
183,146,3
116,151,4
127,83,3
36,211,3
94,18,3
184,167,3
158,13,3
176,305,3
97,160,3
143,144,2
116,69,3
119,14,3
90,238,3
63,149,3
129,163,3
60,110,4
69,26,3
47,172,3
168,239,3
116,216,4
107,241,4
109,107,4
104,245,3
175,88,3
73,272,5
42,74,4
5,29,3
12,232,4
153,215,5
164,243,3
172,215,4
89,239,3
144,232,3
23,68,3
200,66,5
192,99,4
155,52,3
130,276,3
53,103,4
133,51,4
16,266,1
32,104,4
174,53,3
7,52,3
22,192,3
55,162,3
197,103,4
58,301,3
127,277,3
106,255,3
139,123,3
47,137,3
66,114,3
100,188,3
93,307,5
108,163,3
102,110,4
73,19,3
113,103,4
104,271,3
48,232,3
30,31,3
37,171,4
196,55,3
115,163,3
80,186,2
20,178,3
140,51,4
39,203,4
90,231,2
136,207,3
51,271,3
81,113,4
161,215,4
123,103,4
116,108,4
58,103,4
145,222,3
99,215,4
102,176,3
104,69,3
69,177,3
42,243,3
85,169,3
77,107,4
143,132,3
44,273,3
138,272,3
114,215,4
108,219,1
127,14,3
170,215,4
191,129,3
72,240,3
81,106,4
81,36,4
47,195,3
18,51,4
156,131,3
185,186,3
42,272,3
165,51,4
128,169,3
121,102,3
111,68,3
141,171,4
13,185,4
94,71,3
95,51,5
60,98,3
56,107,3
151,272,3
57,176,3
88,52,1
67,147,3
73,61,5
140,181,3
115,83,3
170,255,3
149,298,3
85,148,3
129,309,3
72,185,3
156,111,4
119,71,3
95,198,3
171,77,3
179,200,3
48,168,4
182,173,3
124,11,3
74,67,3
68,215,4
104,106,4
104,231,2
93,85,3
159,298,3
118,103,4
75,188,5
15,211,3
1,18,3
72,206,3
172,31,3
71,214,3
184,107,4
132,265,3
44,79,3
1,215,4
186,222,3
111,169,3
80,106,5
108,277,3
1,110,4
121,96,3
175,294,3
132,275,4
54,104,4
148,56,4
29,106,4
172,145,4
155,103,4
192,243,5
19,99,3
6,308,3
133,203,3
134,237,3
56,237,3
132,168,3
68,309,1
32,56,4
66,177,1
33,231,3
71,52,4
191,297,3
2,226,3
173,103,5
96,251,3
174,212,3
144,255,3
177,107,3
70,110,4
100,231,3
136,146,3
46,178,3
65,14,3
68,35,3
94,232,3
192,13,3
56,91,3
78,169,3
11,103,5
38,153,3
174,34,3
23,18,3
91,83,1
49,102,3
15,210,1
23,215,4
136,173,3
137,101,3
151,89,3
107,107,4
169,248,5
105,15,3
177,66,2
57,110,4
61,255,3
27,87,4
137,71,4
136,84,3
7,275,1
175,170,4
61,99,3
125,108,5
118,121,4
33,40,3
156,59,4
46,102,3
62,102,3
149,19,3
145,258,4
181,165,3
106,272,3
20,238,1
97,257,1
20,67,3
131,132,3
92,106,4
116,215,4
59,52,5
15,124,3
198,104,4
10,69,3
75,137,3
40,176,3
139,181,3
58,120,3
179,275,4
162,110,4
90,188,3
128,207,3
153,237,3
183,121,3
47,63,2
72,104,4
9,103,4
134,178,3
91,236,3
77,176,4
131,84,3
197,277,3
78,66,3
180,215,4
33,87,3
57,255,1
161,304,1
32,173,3
153,238,3
160,56,4
175,264,3
153,146,3
85,145,3
112,167,2
24,99,4
141,232,3
15,118,3
138,248,3
73,183,4
15,114,2
185,231,3
196,43,4
198,110,4
13,53,3
15,215,4
6,147,5
56,236,3
62,162,3
99,157,3
84,104,4
197,171,4
82,306,2
75,147,3
188,207,3
197,107,3
17,93,3
185,102,5
196,52,5
195,271,3
129,172,3
55,92,3
61,277,3
189,52,4
163,128,3
181,308,3
71,305,3
97,215,4
60,106,4
83,175,3
20,236,2
199,63,1
103,51,5
177,145,3
40,19,3
16,215,4
141,188,3
77,104,4
98,51,4
11,66,3
114,84,3
61,181,3
26,67,2
152,188,3
76,236,1
190,83,3
38,232,3
27,79,3
93,168,3
149,13,3
142,142,1
77,52,5
189,80,3
159,214,3
49,56,4
87,89,4
27,174,3
36,128,4
43,68,2
93,101,3
66,304,3
91,309,3
75,241,1
21,186,3
109,158,3
158,66,3
18,198,3
61,71,3
120,51,4
199,37,3
66,6,3
77,80,4
75,176,3
12,271,4
57,144,4
67,171,4
23,92,3
27,102,5
14,169,3
103,103,4
31,56,4
104,165,3
78,226,3
27,104,4
156,64,3
20,11,3
192,305,3
167,298,3
156,212,3
4,248,3
95,215,4
186,56,4
182,74,3
168,51,4
135,178,1
92,52,1
49,236,3
125,7,3
19,166,3
42,107,3
78,99,3
19,19,3
41,190,3
120,92,3
144,71,1
127,164,3
143,186,3
56,96,2
47,186,3
28,173,3
172,272,4
149,184,3
39,136,1
78,27,3
75,262,3
145,53,4
116,8,2
63,35,3
119,35,3
104,219,1
28,51,4
114,243,5
143,68,3
1,103,4
180,104,4
147,167,1
139,280,5
15,126,3
82,103,4
192,100,3
193,51,4
6,262,3
20,276,4
186,263,4
124,103,4
115,164,2
32,181,3
91,104,4
3,51,4
72,56,4
82,100,3
78,273,3
35,184,3
84,56,4
67,215,4
116,180,3
20,13,3
15,213,3
15,199,3
108,279,5
177,104,4
167,64,3
128,100,3
150,122,3
79,198,4
63,92,3
144,305,3
159,207,3
137,266,3
174,93,1
110,266,3
65,298,3
23,150,1
188,245,3
42,169,3
111,51,4
22,215,4
55,268,3
36,42,4
170,245,3
24,67,1
197,241,3
167,309,3
23,255,1
130,215,4
39,247,3
94,215,4
101,51,4
54,208,3
123,87,3
47,273,3
57,33,3
143,104,4
55,30,3
33,279,3
87,162,3
158,15,3
106,83,3
62,137,3
12,173,3
139,17,3
188,169,5
46,68,3
6,164,3
3,132,1
74,279,3
57,121,3
73,35,3
127,63,5
35,215,4
115,35,3
162,169,3
51,72,3
57,276,5
107,67,4
14,166,3
88,174,3
84,207,3
155,276,3
197,11,3
82,29,3
180,52,3
62,169,3
109,290,4
74,271,1
163,307,3
176,71,3
11,51,4
7,191,3
193,40,1
184,104,4
139,52,4
2,166,3
189,16,3
194,57,4
121,146,3
97,94,3
37,198,4
93,4,4
132,24,3
128,51,4
73,1,3
3,166,3
94,245,3
166,96,3
108,103,4
77,251,4
33,104,4
28,87,3
86,163,3
146,19,3
168,142,3
68,186,3
30,66,4
96,301,3
138,106,4
166,241,1
106,106,4
149,237,3
161,178,5
34,306,1
118,279,3
117,270,3
190,195,3
38,233,3
141,254,3
44,30,3
97,56,4
165,230,4
169,103,4
179,135,3
137,106,4
18,104,4
90,35,3
156,56,4
82,309,3
16,213,3
86,107,4
152,104,4
131,122,3
132,199,3
159,9,3
11,68,3
128,174,3
58,56,4
164,231,3
26,56,4
41,209,1
130,179,3
115,248,3
174,52,3
45,207,1
163,151,3
44,215,4
149,83,3
188,172,5
40,150,3
139,117,3
45,61,3
20,173,3
164,63,3
128,103,4
88,178,3
165,185,3
117,65,3
111,207,2
67,51,4
169,232,4
113,236,3
78,175,3
77,204,4
90,63,3
182,162,3
85,171,4
17,302,3
59,151,4
80,299,3
52,69,4
68,107,3
47,103,5
22,27,3
117,125,5
86,40,3
99,98,3
87,51,4
170,13,3
139,135,3
196,270,1
120,153,3
113,175,2
49,238,3
129,104,4
71,110,4
7,8,4
26,91,3
36,8,4
104,102,1
110,215,4
9,266,3
104,68,3
24,84,3
69,47,1
72,51,4
84,276,3
134,110,4
73,175,3
100,167,3
59,240,1
18,215,4
192,87,3
118,305,3
188,35,5
147,271,4
16,88,3
126,65,1
28,70,3
57,51,4
170,83,3
84,107,4
141,18,3
123,89,4
118,71,3
72,294,3
104,215,4
31,67,3
3,172,3
41,229,5
189,3,4
105,27,3
28,33,3
11,215,4
131,51,4
32,30,3
114,107,3
152,107,3
194,86,1
19,51,4
78,167,1
167,215,4
25,215,4
10,306,3
119,214,3
121,178,3
23,91,3
29,66,2
69,194,3
69,71,3
170,104,4
132,7,3
86,226,3
116,64,4
17,17,5
24,103,4
169,104,4
57,214,5
128,215,4
119,145,3
95,56,4
35,241,3
108,74,3
1,173,3
180,262,3
43,40,2
58,46,3
156,7,3
70,106,4
159,61,3
29,110,4
18,25,4
68,307,3
47,84,3
179,123,3
71,245,3
100,243,2
19,100,3
153,68,3
47,79,2
48,38,4
173,124,1
1,276,3
8,179,3
93,127,4
7,179,3
59,104,4
181,162,1
140,9,3
138,110,4
164,106,4
178,52,3
119,110,4
68,144,3
62,1,3
93,48,4
155,192,2
153,181,3
60,144,3
186,90,4
59,202,1
191,78,3
176,171,4
108,52,3
90,192,3
136,68,3
92,5,4
142,12,3
118,215,4
200,214,3
123,29,3
160,37,3
21,110,4
66,110,4
54,52,3
8,238,3
185,107,3
117,17,3
174,221,3
48,118,3
127,51,4
37,52,3
93,215,4
179,34,4
137,215,4
102,96,3
182,40,3
89,146,3
3,37,3
141,305,3
153,164,1
13,59,2
162,14,3
43,215,4
146,51,4
83,308,3
16,126,3
142,207,3
3,215,4
164,173,3
195,79,3
162,308,3
13,107,4
144,239,2
70,14,3
118,107,1
187,215,4
50,51,4
89,66,3
138,56,4
109,212,3
93,103,4
34,56,4
129,277,3
160,104,4
92,51,4
189,56,4
90,103,4
20,215,4
137,51,4
15,107,4
160,186,2
1,299,3
88,51,4
153,79,3
101,70,3
46,215,4
117,50,4
94,148,3
94,35,3
104,144,3
32,63,3
129,51,4
140,110,4
140,132,3
68,68,3
4,176,2
144,245,3
23,177,3
194,104,4
151,104,4
160,215,4
131,40,3
162,173,5
52,253,3
26,121,1
112,110,4
87,192,3
14,110,4
41,203,4
68,56,4
164,56,4
50,241,3
42,226,3
106,184,3
79,176,3
117,110,4
149,226,3
80,252,2
136,107,3
73,245,3
184,79,3
89,19,3
103,56,4
185,272,3
68,79,2
55,9,3
128,252,3
139,49,4
195,91,3
152,169,3
126,176,3
151,68,1
144,145,3
155,172,3
99,121,1
2,167,3
86,147,3
148,144,3
56,262,3
7,45,4
57,106,4
37,301,3
144,103,4
44,102,1
106,102,3
77,240,3
13,60,2
32,177,3
179,183,4
71,9,3
175,184,1
197,214,3
41,103,4
192,110,4
108,89,3
185,18,1
177,271,1
131,63,3
42,215,4
73,148,3
49,171,4
116,10,4
155,107,3
42,232,1
44,9,3
131,305,3
124,215,5
62,254,1
62,148,3
87,29,1
25,72,1
146,309,3
170,157,3
140,188,3
82,11,3
161,110,4
129,161,1
82,132,3
97,177,5
24,243,3
109,106,5
115,173,3
23,103,4
62,106,4
185,163,2
199,144,3
58,297,3
153,103,5
6,106,4
46,61,3
151,52,3
78,181,3
132,4,4
108,195,3
10,65,3
42,71,1
8,35,3
155,15,2
40,214,3
66,106,4
62,56,4
112,215,4
66,103,4
117,307,3
117,105,3
62,9,3
96,70,3
150,11,3
132,6,4
131,215,4
42,181,3
100,184,3
153,74,3
25,148,3
96,281,3
175,20,4
42,121,3
198,13,3
56,51,4
8,192,3
67,110,4
133,104,4
149,309,1
102,245,3
23,207,1
106,195,3
142,106,4
81,215,4
96,90,4
136,122,3
52,52,3
31,51,4
141,35,3
29,69,3
101,84,1
74,52,3
28,66,3
64,250,5
70,132,3
108,67,3
39,300,3
73,100,3
37,233,3
125,294,3
51,71,3
101,271,3
96,256,5
188,175,1
51,30,3
1,99,3
134,157,3
53,37,3
64,172,3
152,144,3
15,222,3
35,239,3
171,110,4
137,138,4
9,222,3
151,30,3
32,61,3
179,47,4
131,107,4
134,98,3
35,243,3
187,129,3
100,148,3
152,110,4
89,106,4
101,37,1
141,146,3
165,110,4
36,205,3
169,18,5
62,241,1
159,107,4
143,173,3
72,181,3
40,71,3
199,66,3
188,104,4
183,107,3
196,56,4
131,237,3
123,170,4
80,102,3
78,298,3
124,13,3
154,107,4
123,215,4
127,172,4
182,163,3
33,52,4
149,254,3
187,60,4
73,70,3
49,176,3
181,215,4
178,173,3
173,215,4
196,285,4
179,215,4
106,72,2
133,264,3
89,51,4
102,31,3
193,309,3
135,51,4
169,63,3
196,45,3
31,277,1
161,165,1
129,298,2
178,66,3
135,67,3
17,158,3
85,35,1
157,52,4
193,150,3
120,106,4
141,9,3
11,268,3
52,181,3
19,142,1
175,52,4
97,283,4
191,281,2
84,30,3
187,308,2
39,52,3
184,87,3
144,237,3
5,121,3
186,309,1
25,243,1
66,290,4
173,270,4
104,107,4
46,165,1
51,56,4
66,287,4
144,132,3
49,51,4
172,68,3
152,100,3
116,21,4
46,110,4
100,181,3
74,148,3
140,161,2
176,173,3
45,13,3
51,61,3
8,272,1
36,104,4
79,205,3
64,210,3
7,104,4
118,195,3
178,121,3
84,299,3
155,309,3
74,180,3
171,242,4
147,214,2
118,66,3
178,56,4
84,298,3
185,51,5
25,103,4
60,215,4
182,51,4
97,194,3
62,67,3
54,32,3
9,51,4
47,150,3
66,57,4
137,103,4
64,297,3
79,215,4
28,163,3
69,215,4
10,220,1
164,11,3
153,207,3
151,103,5
118,245,3
25,248,3
50,1,1
122,231,3
121,237,3
12,110,4
97,23,3
46,276,1
42,99,3
161,231,3
85,67,3
87,104,5
69,42,3
113,298,2
61,272,3
104,254,3
75,236,3
189,69,5
63,171,4
177,298,3
186,260,3
152,186,3
103,308,3
109,120,3
16,216,4
142,231,3
55,56,4
141,27,3
156,81,2
15,301,1
100,175,3
36,56,4
127,254,1
139,158,4
142,309,2
56,215,4
171,25,3
169,186,3
107,121,3
69,179,3
150,110,4
169,169,1
63,219,3
85,215,4
158,276,1
141,307,3
134,255,1
191,260,3
33,137,3
153,91,3
179,284,3
160,181,3
79,25,4
23,107,3
86,110,4
38,254,3
125,69,1
152,74,3
126,192,3
115,98,2
179,38,4
172,308,3
106,70,3
67,172,3
65,215,4
84,61,5
148,215,4
49,99,3
138,243,3
75,84,3
158,226,3
89,99,1
147,56,4
57,231,3
92,126,3
55,273,3
181,279,3
149,104,4
116,185,3
145,280,1
23,35,1
85,33,3
119,68,3
143,142,3
30,56,5
123,149,3
62,144,3
8,175,3
74,104,4
170,103,4
155,162,3
99,27,3
61,96,3
138,215,4
139,301,3
86,177,3
27,56,4
152,72,3
45,299,3
47,107,3
38,83,3
46,161,3
85,99,2
74,192,3
144,184,3
75,243,3
41,143,3
163,51,4
185,71,2
161,51,5
18,158,3
6,149,3
86,165,3
100,84,3
68,12,3
98,103,4
47,99,3
167,110,4
97,141,2
19,56,4
124,185,3
16,32,1
173,301,3
144,106,4
141,56,4
157,277,2
38,106,4
40,144,2
115,252,3
184,241,3
58,304,3
17,113,1
65,63,2
197,239,3
178,107,3
43,132,1
156,202,3
37,110,4
88,104,4
199,70,3
175,53,1
62,176,3
100,308,3
171,75,3
147,215,4
4,103,5
154,49,3
193,33,3
196,170,3
139,107,4
197,215,4
64,39,4
82,299,3
147,51,4
192,18,3
3,146,3
147,35,4
106,176,3
72,103,4
123,239,3
84,145,3
56,305,3
78,122,3
100,176,3
178,188,3
81,103,4
15,224,3
93,75,3
109,296,4
53,51,4
80,103,4
50,309,3
190,104,4
63,181,3
158,79,3
44,262,1
179,168,5
174,218,4
111,243,3
117,297,5
188,184,3
90,153,3
132,285,5
3,91,3
13,106,4
67,308,3
121,214,3
147,153,4
24,164,3
110,247,3
86,63,3
44,153,3
185,214,3
138,102,3
149,56,4
119,146,3
36,206,3
162,71,3
98,114,4
65,248,3
144,219,3
182,239,3
48,158,4
50,106,4
28,107,3
37,25,4
57,161,3
41,56,5
13,77,3
109,223,4
109,197,4
106,66,3
73,13,3
181,29,1
146,226,3
68,178,3
73,74,3
91,181,3
97,51,4
140,245,2
113,29,1
72,107,4
185,83,3
26,182,3
110,60,4
192,157,3
176,122,3
99,67,3
1,157,3
2,178,3
93,59,4
119,66,3
141,215,4
149,167,3
162,56,4
105,215,4
2,231,3
54,94,3
34,249,3
2,271,3
145,215,4
56,163,1
127,238,3
45,161,3
197,121,3
47,61,3
175,90,3
6,161,3
96,4,4
20,33,3
188,71,3
165,281,4
14,51,4
138,308,3
31,215,4
90,178,3
180,66,3
147,163,4
41,198,3
30,51,4
47,70,3
174,135,3
171,59,4
136,226,2
176,18,3
90,98,3
127,241,1
118,157,3
56,276,3
97,105,1
191,131,3
185,61,3
96,88,1
158,100,3
183,56,4
82,107,2
67,37,3
119,19,3
115,107,3
118,166,3
46,137,3
129,30,2
150,215,4
130,103,4
87,122,3
25,172,3
154,55,3
90,107,3
163,110,4
10,174,1
151,307,3
179,208,4
158,254,1
61,226,3
108,162,3
162,214,3
49,96,3
64,85,3
145,274,4
50,192,3
172,176,4
87,74,3
43,181,3
48,280,3
152,56,4
121,164,3
33,308,3
144,37,3
34,291,3
47,308,3
17,6,4
55,72,3
131,252,3
153,110,4
80,99,4
138,176,3
136,102,3
49,12,3
42,161,3
91,272,3
1,178,1
57,186,3
5,104,4
131,52,3
188,214,3
149,176,3
58,211,3
66,204,3
41,106,4
12,51,5
55,272,2
172,166,4
179,88,3
196,127,3
35,233,3
121,71,1
175,56,4
184,309,3
86,145,2
22,169,3
145,307,3
83,149,3
174,50,4
43,268,3
149,110,4
47,169,3
142,122,3
142,262,3
52,32,1
30,146,3
72,117,3
200,98,3
192,176,3
57,11,1
155,272,1
86,83,2
133,106,4
79,16,3
181,195,3
16,130,3
86,29,3
54,95,3
96,113,3
196,118,3
58,94,3
87,219,3
174,139,1
78,254,2
138,13,3
84,1,4
47,12,3
67,104,4
196,103,4
133,118,4
181,179,3
82,30,3
187,56,4
96,110,4
111,74,3
65,309,3
30,215,4
188,110,5
132,270,3
153,175,3
21,51,4
78,56,4
79,106,4
3,254,3
179,103,5
151,61,3
107,110,4
184,173,3
62,219,3
27,215,4
63,232,3
111,63,3
96,218,4
51,175,3
6,176,3
47,173,3
123,1,2
9,295,3
192,104,4
144,98,3
124,192,3
162,74,3
27,106,4
100,185,3
194,106,4
168,162,3
154,200,3
193,103,4
52,215,4
139,10,3
94,51,4
138,15,3
114,56,4
19,254,3
84,153,3
141,74,3
20,79,3
73,132,3
122,192,3
127,262,3
123,167,3
57,169,1
138,254,3
49,145,3
17,51,4
83,100,3
101,272,3
133,20,4
162,40,3
46,226,2
61,236,3
171,291,4
174,303,3
13,114,3
4,215,4
186,88,3
25,31,3
85,91,3
20,98,3
103,237,3
63,51,4
182,104,4
164,52,4
156,246,3
139,286,4
77,53,2
80,146,3
33,96,3
183,92,1
142,107,3
56,268,3
150,56,4
127,271,5
40,166,1
21,215,4
9,198,3
11,309,3
117,247,3
175,230,4
99,51,4
44,51,4
142,63,3
89,175,3
119,106,4
62,215,4
50,166,3
80,71,5
142,192,3
173,43,4
47,232,3
9,107,4
99,106,4
132,278,3
157,174,3
104,52,3
132,213,1
197,146,3
153,61,3
177,214,3
104,67,3
150,103,4
160,106,4
192,252,3
35,262,3
42,68,3
146,171,4
20,167,3
119,175,3
125,152,3
188,186,3
68,103,4
22,14,3
116,104,4
35,173,3
150,14,3
135,236,3
182,167,3
119,98,3
49,103,4
91,146,3
166,298,3
33,178,3
126,33,3
3,148,3
195,83,1
84,237,3
140,175,3
154,202,4
74,164,2
87,215,4
160,243,3
42,149,3
45,104,4
89,167,3
142,164,3
51,169,3
135,106,4
119,255,3
152,241,3
95,190,3
13,46,1
155,233,3
65,153,3
31,176,1
127,248,4
3,35,3
62,248,3
123,237,3
163,16,3
187,73,4
91,232,3
93,242,4
116,300,3
15,78,3
59,56,4
96,278,4
56,14,3
38,68,3
117,20,3
75,87,3
36,110,4
118,12,3
142,219,3
127,110,4
65,70,2
56,176,3
46,306,3
105,104,4
129,188,3
140,173,3
174,251,3
76,106,4
163,267,4
127,268,4
144,226,3
104,13,3
181,226,3
173,253,1
179,80,3
160,79,3
1,61,3
93,24,3
117,94,3
87,70,3
34,215,4
182,215,4
97,232,3
28,142,1
117,212,3
127,92,3
191,199,4
140,18,3
4,309,3
186,8,4
155,241,3
106,110,4
38,241,1
116,17,3
93,285,5
109,274,3
179,185,3
173,221,3
125,208,1
126,110,4
11,96,3
171,211,3
180,31,3
121,110,4
131,245,2
63,215,4
103,279,3
28,186,3
144,110,4
8,72,3
46,308,3
23,163,3
49,232,3
178,305,5
19,96,5
38,56,4
62,132,3
156,23,3
179,56,4
69,104,5
124,167,3
156,26,4
117,213,3
80,272,2
27,96,3
196,177,3
130,106,4
56,308,3
132,51,4
101,255,3
59,177,3
69,288,4
193,175,3
154,204,4
99,276,3
126,175,1
88,30,3
15,103,4
188,51,5
28,103,4
193,171,4
11,91,3
166,102,3
58,17,3
164,262,2
162,137,3
164,272,3
17,103,5
169,255,3
65,236,3
4,52,3
187,135,3
45,66,3
131,1,2
160,147,3
174,104,4
43,248,3
189,151,4
72,285,3
191,52,4
12,1,4
14,103,4
5,148,3
143,279,3
164,214,1
172,35,4
8,103,4
187,20,4
69,39,3
162,163,3
96,197,4
24,181,3
52,34,4
198,92,3
96,306,3
117,160,3
110,107,4
171,52,4
144,279,3
181,104,4
76,153,3
118,153,3
84,37,3
22,248,3
171,106,4
8,236,3
137,46,3
113,215,4
111,56,4
149,63,3
63,226,3
85,262,3
174,190,3
144,9,3
6,179,3
148,132,3
100,52,5
162,61,3
34,110,5
145,253,4
27,66,3
178,103,4
120,148,3
112,181,3
34,286,1
38,71,1
16,174,3
40,51,4
156,52,3
195,100,3
149,146,1
129,214,3
35,99,3
26,175,3
24,188,3
32,153,1
171,223,4
56,9,3
96,107,4
82,37,3
188,243,3
132,110,4
131,171,4
84,176,3
66,104,4
122,173,3
177,215,4
142,121,3
139,257,4
165,183,4
181,106,4
104,175,3
198,174,3
5,56,4
114,110,4
130,100,3
120,305,3
166,52,3
150,83,3
126,231,3
175,103,4
148,27,3
54,39,3
188,145,3
139,288,4
62,309,3
165,69,3
105,110,4
189,107,4
139,56,4
17,215,5
61,148,3
99,268,3
33,219,3
78,103,4
30,72,5
126,207,3
90,304,3
67,61,3
184,254,3
108,110,4
103,106,4
191,215,4
168,33,2
16,51,4
84,52,3
39,113,2
116,290,3
181,167,4
107,161,3
11,100,3
59,10,3
166,56,4
49,237,3
42,147,3
80,245,3
116,125,3
200,215,4
162,153,1
122,107,4
14,162,3
101,215,4
141,83,2
170,91,3
100,83,3
35,72,3
47,298,3
52,110,4
169,91,2
179,213,3
81,257,4
6,305,3
87,177,3
144,30,3
50,161,3
148,248,3
43,106,4
154,103,4
157,171,4
146,103,4
105,11,3
43,102,2
46,56,4
8,14,3
15,115,3
197,166,3
137,154,4
62,175,1
179,65,3
190,219,3
125,115,4
3,186,3
105,79,3
68,84,3
78,107,3
82,15,1
200,1,4
120,207,3
36,208,3
100,172,5
39,80,3
61,279,3
106,207,2
20,61,5
24,104,4
137,135,3
140,307,3
156,158,3
30,74,3
93,23,1
35,146,3
127,40,3
85,51,4
141,144,3
138,231,3
69,174,3
16,304,3
174,20,4
125,106,4
195,11,1
134,262,3
26,252,3
27,27,3
37,51,5
88,308,3
33,9,3
94,149,3
53,13,3
188,236,3
190,142,3
98,56,4
169,110,4
183,103,4
128,161,4
117,52,3
60,245,3
16,20,4
130,299,3
78,110,4
68,110,4
180,171,4
76,52,4
66,297,3
186,189,4
19,79,3
77,215,4
18,208,3
60,172,3
67,102,3
175,75,4
49,14,3
3,176,3
111,9,3
116,56,4
42,145,1
187,229,3
116,103,4
3,271,1
69,126,3
100,171,4
136,35,3
79,174,3
53,180,3
56,13,3
72,307,3
75,71,3
177,162,3
9,24,3
137,23,3
174,296,3
102,148,3
75,226,3
111,84,3
188,29,3
185,56,4
119,11,3
174,264,4
45,110,4
165,253,4
143,56,4
170,207,1
119,15,3
197,153,3
160,83,3
20,104,4
71,237,3
154,52,3
68,169,3
87,195,3
37,49,3
199,192,3
89,298,2
20,161,5
44,103,4
131,241,1
60,273,2
10,106,4
114,172,3
143,238,1
33,188,3
103,30,2
158,241,3
152,96,3
182,37,3
5,14,3
181,192,3
154,191,4
43,13,3
54,42,3
194,260,3
17,58,5
141,273,3
73,103,4
16,125,3
100,9,3
2,103,4
120,121,1
33,103,4
141,157,3
89,169,1
64,225,3
142,92,1
177,110,4
167,104,5
144,171,5
36,3,3
174,106,4
152,146,3
43,100,3
114,272,3
99,52,3
60,51,4
128,186,3
56,232,3
22,273,3
114,89,3
125,104,4
56,153,3
6,83,3
73,52,4
39,107,4
163,81,4
29,144,1
188,271,4
26,103,4
4,106,4
66,73,4
86,56,5
59,49,3
143,84,3
139,6,3
162,165,3
71,308,3
118,181,3
32,148,3
22,157,3
153,96,3
108,72,3
49,67,3
182,195,3
101,176,3
198,298,3
75,238,3
36,103,4
13,28,4
162,29,5
97,41,4
185,103,4
2,52,3
109,34,3
128,104,4
82,148,3
173,52,3
12,106,4
90,100,3
164,27,3
105,184,3
41,93,3
119,104,4
148,110,4
157,146,3
84,308,3
97,104,4
23,110,4
74,107,3
152,167,3
179,180,3
175,303,3
171,63,3
71,276,3
67,248,3
27,255,3
187,297,5
199,61,4
11,241,3
84,92,3
79,114,3
111,172,3
70,308,3
30,103,4
20,51,4
192,92,3
139,304,1
117,217,1
199,103,4
149,248,3
186,200,4
40,67,1
91,106,4
7,103,4
167,153,3
111,132,3
77,183,3
12,238,3
180,161,3
57,107,4
175,280,3
115,305,3
173,107,4
193,271,3
73,106,4
110,120,3
38,121,3
2,12,3
3,107,4
67,145,1
150,1,3
151,181,3
46,164,3
106,153,3
152,66,3
140,186,3
96,180,2
127,239,3
27,252,2
153,14,3
142,188,1
199,92,3
8,102,3
181,237,3
185,35,3
191,200,1
154,51,5
54,86,3
6,169,1
154,46,4
25,162,3
27,68,3
62,245,3
156,65,3
32,122,5
148,92,3
24,215,4
20,192,1
157,165,1
197,245,3
44,84,2
17,208,2
190,52,4
149,178,3
165,206,4
77,7,1
155,91,3
121,66,3
24,232,1
152,268,3
152,195,3
73,236,3
46,207,3
134,169,3
35,273,3
75,102,1
191,8,4
158,279,3
28,63,3
51,277,1
21,167,2
163,211,4
115,215,4
73,162,4
110,63,2
117,242,1
61,52,3
51,176,1
187,154,4
47,15,2
143,172,3
162,219,5
135,153,3
95,104,4
40,52,3
37,128,4
36,135,3
65,243,3
90,92,3
139,278,2
4,245,1
123,268,4
168,188,2
94,104,4
3,31,3
44,304,3
20,147,3
96,75,3
170,15,3
59,4,3
141,110,4
78,71,3
200,232,4
74,215,4
145,56,4
3,239,3
11,89,3
109,215,4
106,74,3
10,104,4
94,40,3
57,13,3
29,237,3
175,141,4
163,215,4
199,110,5
113,157,3
67,33,3
68,164,3
15,152,3
31,165,3
59,128,4
104,145,3
123,145,3
181,30,3
40,74,3
168,175,3
116,297,3
82,178,3
27,144,3
10,8,2
199,18,1
22,173,3
194,202,3
148,181,3
157,11,3
94,207,3
168,255,3
152,279,3
6,107,4
156,240,3
57,146,3
46,238,1
193,241,3
57,74,3
127,166,3
86,150,3
62,11,3
91,243,1
178,165,3
194,51,4
141,163,3
143,71,3
82,147,3
9,52,3
58,77,2
121,121,3
78,239,3
138,98,3
125,56,4
135,104,4
187,106,5
171,42,1
50,215,4
28,14,3
181,51,4
137,119,1
108,245,3
24,100,3
102,40,2
157,103,4
144,92,3
90,51,4
190,35,3
15,257,1
136,241,3
98,48,4
131,268,3
17,131,3
12,226,3
54,240,3
125,52,3
173,225,3
174,204,3
94,110,4
150,254,3
165,270,4
27,35,3
166,19,3
156,119,3
12,9,4
71,262,3
58,90,4
126,148,3
45,271,3
133,275,3
174,90,1
17,107,3
91,162,3
164,14,3
192,51,4
98,8,3
155,273,3
136,215,5
23,74,3
76,231,3
150,69,3
44,110,4
98,7,4
91,56,4
19,103,4
85,29,1
21,63,3
77,51,4
12,215,4
162,243,3
152,172,1
96,293,4
81,270,4
119,144,3
132,230,3
199,169,5
69,50,4
67,254,2
127,173,3
183,215,4
172,107,4
43,110,4
36,209,4
10,199,5
15,110,4
191,130,4
31,104,4
141,236,3
16,56,4
182,232,3
159,71,3
156,104,4
197,12,3
121,103,4
16,205,3
148,271,3
126,144,3
174,32,3
99,74,3
51,215,4
155,226,3
109,305,3
97,229,3
2,308,3
161,74,3
160,254,3
69,127,3
134,100,3
95,52,3
188,144,4
15,240,3
185,27,3
140,74,3
26,51,4
172,52,4
171,215,5
143,171,4
192,172,3
33,144,3
6,165,4
155,56,4
69,135,3
127,64,4
13,52,3
153,98,3
130,52,3
198,239,3
71,107,4
5,19,3
46,11,1
138,167,2
107,52,4
25,110,4
22,162,3
196,215,4
29,30,3
190,107,4
117,107,4
100,166,3
162,104,5
110,152,3
37,114,3
58,51,4
119,277,5
115,178,3
128,157,4
105,186,2
35,298,3
49,15,3
139,240,3
35,175,3
159,175,3
37,222,3
79,270,3
135,215,4
97,20,4
200,157,3
148,99,1
118,91,3
160,219,3
71,121,3
62,51,4
94,176,3
95,181,3
6,110,4
55,254,3
181,277,1
17,266,3
65,165,3
178,14,3
71,163,3
94,19,3
9,56,4
151,163,1
88,107,3
106,103,4
145,52,3
117,104,4
57,79,3
152,215,4
37,56,4
99,11,3
45,149,3
6,215,4
36,270,3
16,4,3
149,144,1
134,181,3
176,215,4
164,178,3
177,241,3
177,71,1
179,295,3
188,239,3
34,49,3
119,306,1
196,168,3
184,51,4
18,107,4
128,298,3
32,215,4
179,257,4
106,277,3
75,271,3
126,226,3
36,45,4
159,70,5
184,163,3
200,52,5
159,305,4
136,79,3
1,132,3
200,165,3
83,103,4
170,14,3
19,175,3
142,83,3
155,146,2
129,145,3
138,142,3
81,52,3
48,290,3
195,12,3
175,69,3
117,86,3
45,308,3
88,29,3
109,55,3
200,106,4
109,78,1
159,172,3
198,219,3
172,167,3
81,224,3
174,154,3
104,161,3
120,215,4
8,52,3
150,153,3
5,51,4
105,84,3
93,51,5
136,254,3
176,169,2
193,144,3
11,12,3
128,175,3
55,175,3
169,33,3
140,15,3
81,80,4
27,33,3
99,169,1
164,84,3
123,147,3
1,104,4
195,254,3
154,215,4
27,298,3
64,215,4
48,107,4
122,51,4
140,195,3
14,214,3
90,215,5
33,195,3
65,276,1
164,103,4
106,236,3
175,95,4
42,106,4
46,106,4
191,230,4
65,110,4
70,175,3
108,149,3
98,215,4
46,142,3
45,279,2
116,224,3
99,35,3
149,148,3
115,102,3
81,50,5
19,308,3
59,105,3
68,67,3
148,103,4
192,103,4
152,207,3
181,89,3
91,241,2
133,120,3
127,107,4
65,15,3
93,210,3
31,103,4
115,91,3
180,106,4
80,15,3
195,276,3
84,84,3
45,173,3
77,139,4
103,84,3
117,200,3
117,170,3
183,239,3
182,52,3
155,195,3
33,214,3
158,215,4
27,18,3
169,40,3
125,232,3
57,181,3
77,56,4
51,161,3
100,239,3
86,184,3
158,99,3
96,56,4
116,110,4
134,149,3
176,56,4
111,70,3
121,226,3
128,214,3
175,131,4
162,18,3
166,169,3
122,102,1
78,207,1
115,110,4
58,266,3
175,104,4
136,9,3
101,107,5
183,1,3
96,138,4
120,226,3
144,162,3
84,148,3
79,10,4
113,219,3
122,215,4
118,122,3
91,84,3
176,106,4
100,273,3
190,70,3
87,163,1
138,188,3
158,305,3
36,275,3
123,308,5
9,152,3
127,106,4
79,51,4
85,96,3
169,153,3
12,254,4
199,106,4
127,169,2
198,207,2
56,40,3
198,273,5
27,11,3
98,59,4
168,104,4
141,104,4
52,107,4
56,238,3
164,195,3
122,166,1
198,103,4
25,106,4
115,31,3
163,265,4
162,99,2
125,81,4
71,19,3
149,195,3
2,106,4
169,178,3
118,145,3
157,51,4
171,183,3
57,164,3
79,103,4
77,220,3
13,193,4
16,55,3
126,165,1
186,103,4
154,304,3
163,123,4
23,219,3
51,1,4
129,37,3
91,144,3
178,277,3
34,65,3
21,241,3
58,34,4
81,51,4
27,232,3
63,56,4
192,146,3
123,67,4
58,296,3
57,65,1
157,161,3
120,104,4
63,161,1
129,103,4
108,165,3
26,248,3
191,287,3
11,98,3
35,56,4
158,12,3
150,176,3
172,51,4
146,29,3
108,215,4
179,22,4
50,110,4
38,70,3
178,163,5
187,151,5
137,21,4
125,215,5
193,56,4
2,207,1
76,14,3
195,110,4
166,175,3
84,149,3
136,110,4
109,114,3
181,35,3
186,28,3
133,138,3
176,298,3
106,13,3
123,31,3
180,248,3
138,72,3
155,157,3
188,170,3
187,283,4
112,104,4
156,199,3
69,266,3
39,53,2
156,107,4
185,100,3
101,144,3
129,148,3
106,87,3
21,104,4
36,156,4
200,271,3
185,1,3
89,215,4
153,72,3
180,51,4
173,174,3
175,285,3
103,137,3
83,66,3
103,175,3
103,83,3
77,179,3
13,297,4
159,110,4
174,8,4
19,307,3
73,9,4
28,176,3
155,68,3
48,265,3
41,51,5
86,148,3
191,69,1
9,203,4
87,103,5
61,104,4
93,52,4
129,243,3
153,63,3
99,107,3
99,30,3
187,107,5
